Action,BaseSKU,BaseProductName,BaseUnitsOfMeasure,AdditionalUnitsOfMeasureSKU,AdditionalUnitsOfMeasureProductName,AdditionalUnitsOfMeasureName,NumberOfBaseUnitsInAdditionalUnit,IAmSellingThisProduct
,10303,12 Pack 4 Oz Dough,Unit,10303-Case Pack 6,12 Pack 4 Oz Dough-Casepack 6,Case Pack 6,6,TRUE
,226,TMNT Stretch Sand,Case Pack 6,226-Case Pack 6,TMNT Stretch Sand-Casepack 6,Unit,6,TRUE
,2331,Be Amazing! Toys Interactive Human Body Fully Poseable Anatomy Figure – 14” Tall,Unit,2331-Case Pack 4,Be Amazing! Toys Interactive Human Body Fully Poseable Anatomy Figure – 14” Tall-Casepack 4,Case Pack 4,4,TRUE
,2335,Be Amazing! Toys Super Squishy Science Lab - Make Your Own Slime Kit,Unit,2335-Case Pack 6,Be Amazing! Toys Super Squishy Science Lab - Make Your Own Slime Kit-Casepack 6,Case Pack 6,6,TRUE
,2338,Be Amazing! Toys Weather Science Lab Kit with 20 Projects,Unit,2338-Case Pack 6,Be Amazing! Toys Weather Science Lab Kit with 20 Projects-Casepack 6,Case Pack 6,6,TRUE
,2361,Be Amazing! Toys MEGA Science Lab - Over 30 Activities,Unit,2361-Case Pack 6,Be Amazing! Toys MEGA Science Lab - Over 30 Activities-Casepack 6,Case Pack 6,6,TRUE
,2362,Be Amazing! Toys Survival Science Lab - Survival Kit for Kids,Unit,2362-Case Pack 6,Be Amazing! Toys Survival Science Lab - Survival Kit for Kids-Casepack 6,Case Pack 6,1,TRUE
,35009,Spin & Splatter,Unit,35009-Case Pack 6,Spin & Splatter-Casepack 6,Case Pack 6,6,TRUE
,4420,Lab in a Bag Test Tube Adventures Science toys for Kids 8+,Unit,4420-Case Pack 6,Lab in a Bag Test Tube Adventures Science toys for Kids 8+-Casepack 6,Case Pack 6,1,TRUE
,4531,CoComelon Wood Puzzle - School,Unit,4531-Case Pack 12 PDQ,CoComelon Wood Puzzle - School-Casepack 12 PDQ,Case Pack 12 PDQ,12,TRUE
,4533,Cocomelon Wooden Puzzle - Bedtime,Unit,4533-Case Pack 6 PDQ,Cocomelon Wooden Puzzle - Bedtime-Casepack 6 PDQ,Case Pack 6 PDQ,1,TRUE
,4533,Cocomelon Wooden Puzzle - Bedtime,Unit,"4533-DELETE 12, Inner 6 PDQ","Cocomelon Wooden Puzzle - Bedtime-Case Pack 12, Inner 6 PDQ","Case Pack 12, Inner 6 PDQ",12,TRUE
,4539,Cocomelon Wooden Puzzle Animal Friends For Kids 2+,Unit,4539-Case Pack 6,Cocomelon Wooden Puzzle Animal Friends For Kids 2+-Casepack 6,Case Pack 6,1,TRUE
,4606,Cocomelon My Own Stamp Set,Unit,4606-Case Pack 6,Cocomelon My Own Stamp Set-Casepack 6,Case Pack 6,6,TRUE
,4662,Cocomelon Deluxe Craft Pack,Unit,4662-Case Pack 6,Cocomelon Deluxe Craft Pack-Casepack 6,Case Pack 6,6,TRUE
,5557,Spongebob Sand Set,Case Pack 6,5557-Case Pack 6,Spongebob Sand Set-Casepack 6,Unit,6,TRUE
,60921,Stretch Sand Blue,Unit,60921-DELETE 6,Stretch Sand Blue-Case Pack 6,Case Pack 6,6,TRUE
,60922,Stretch Sand Pink,Unit,60922-Case Pack 6,Stretch Sand Pink-Casepack 6,Case Pack 6,6,TRUE
,60995,Sensory Pull Along Toddler Infant Baby Tissue Box,Unit,60995-Case Pack 4,Sensory Pull Along Toddler Infant Baby Tissue Box-Casepack 4,Case Pack 4,1,TRUE
,6110,Blippi My First Science: Science Kit with Color Experiments,Unit,6110-Case Pack 6,Blippi My First Science: Science Kit with Color Experiments-Casepack 6,Case Pack 6,6,TRUE
,6112,Blippi My First Science: Sink or Float - Science Kit with Physics Experiments 3+,Unit,6112-Case Pack 6,Blippi My First Science: Sink or Float - Science Kit with Physics Experiments 3+-Casepack 6,Case Pack 6,6,TRUE
,6114,Blippi Science Kit for Kids - 5 Experiments and STEM Activities with Scented Dough,Unit,6114-Case Pack 6,Blippi Science Kit for Kids - 5 Experiments and STEM Activities with Scented Dough-Casepack 6,Case Pack 6,6,TRUE
,6120,Cocomelon Color Science Kit - 5 Kids Science Experiments,Unit,6120-Case Pack 6,Cocomelon Color Science Kit - 5 Kids Science Experiments-Casepack 6,Case Pack 6,6,TRUE
,61374,Bean Bag Suprise,Unit,"61374-DELETE 6, Inner 2","Bean Bag Suprise-Case Pack 6, Inner 2","Case Pack 6, Inner 2",6,TRUE
,61379,Sense & Grow Magnetic Textured Tangram Puzzles,Unit,61379-Case Pack 6,Sense & Grow Magnetic Textured Tangram Puzzles-Casepack 6,Case Pack 6,1,TRUE
,61381,Sense And Grow Stretch Noodle,Unit,61381-Case Pack 6,Sense And Grow Stretch Noodle-Casepack 6,Case Pack 6,1,TRUE
,61382,Sense & Grow - Tissue Box,Unit,61382-Case Pack 6,Sense & Grow - Tissue Box-Casepack 6,Case Pack 6,6,TRUE
,61383,Sense & Grow Sensory Stretch Pop Tubes,Unit,61383-Case Pack 6,Sense & Grow Sensory Stretch Pop Tubes-Casepack 6,Case Pack 6,1,TRUE
,61948,Glitter Tattoo Set,Unit,61948-Case Pack 6,Glitter Tattoo Set-Casepack 6,Case Pack 6,6,TRUE
,62035,DIY Resin Rings by Craft it Up- 10+ Piece Beginners Kit,Unit,62035-Case Pack 6,DIY Resin Rings by Craft it Up- 10+ Piece Beginners Kit-Casepack 6,Case Pack 6,1,TRUE
,62036,CIU DIY RESIN NECKLACES,Unit,62036-Case Pack 6,CIU DIY RESIN NECKLACES-Casepack 6,Case Pack 6,1,TRUE
,62294,Creative Kids Water Art - Space,Unit,"62294-Case Pack 24, Inner 6","Creative Kids Water Art - Space-Casepack 24, Inner 6","Case Pack 24, Inner 6",24,TRUE
,62295,Creative Kids Water Art - Princesses,Unit,"62295-Case Pack 24, Inner 6","Creative Kids Water Art - Princesses-Case Pack 24, Inner 6","Case Pack 24, Inner 6",24,TRUE
,62296,Creative Kids Water Art - Dragon,Unit,"62296-Case Pack 24, Inner 6","Creative Kids Water Art - Dragon-Casepack 24, Inner 6","Case Pack 24, Inner 6",24,TRUE
,62297,Creative Kids Water Art - Construction,Unit,"62297-Case Pack 24, Inner 6","Creative Kids Water Art - Construction-Case Pack 24, Inner 6","Case Pack 24, Inner 6",24,TRUE
,62298,Creative Kids Water Art - Farm,Unit,"62298-Case Pack 24, Inner 6","Creative Kids Water Art - Farm-Casepack 24, Inner 6","Case Pack 24, Inner 6",24,TRUE
,62299,Creative Kids Water Art - Construction,Unit,"62299-Case Pack 24, Inner 6","Creative Kids Water Art - Construction-Case Pack 24, Inner 6","Case Pack 24, Inner 6",24,TRUE
,62325,Miracle-Gro DIY Tranquil Zen Garden,Unit,62325-Case Pack 6,Miracle-Gro DIY Tranquil Zen Garden-Casepack 6,Case Pack 6,6,TRUE
,62809,Play-Doh Air Clay Racer Assortment,Unit,62809-Case Pack 24,Play-Doh Air Clay Racer Assortment-Casepack 24,Case Pack 24,1,TRUE
,62974,Stretch Sand Green,Unit,62974-Case Pack 6,Stretch Sand Green-Casepack 6,Case Pack 6,6,TRUE
,63007,Kiddy Dough Pack - Modeling Dough Playset 8 Pack For Kids 3+,Unit,63007-Case Pack 12,Kiddy Dough Pack - Modeling Dough Playset 8 Pack For Kids 3+-Casepack 12,Case Pack 12,12,TRUE
,63007,Kiddy Dough Pack - Modeling Dough Playset 8 Pack For Kids 3+,Unit,63007-Case Pack 6,Kiddy Dough Pack - Modeling Dough Playset 8 Pack For Kids 3+-Casepack 6,Case Pack 6,6,TRUE
,63143,Sense & Grow Sensory Fidget Maze,Unit,63143-Case Pack 6,Sense & Grow Sensory Fidget Maze-Casepack 6,Case Pack 6,1,TRUE
,63153,Kiddy Dough My Magical Dough Train,Unit,63153-Case Pack 6,Kiddy Dough My Magical Dough Train-Casepack 6,Case Pack 6,1,TRUE
,63218,Sense & Grow Sort & Stretch Balance Bin,Unit,63218-Case Pack 6,Sense & Grow Sort & Stretch Balance Bin-Casepack 6,Case Pack 6,6,TRUE
,63256,Zzand - Oh So Satisfying - ASMR Power,Unit,"63256-Case Pack 12, Inner 6","Zzand - Oh So Satisfying - ASMR Power-Casepack 12, Inner 6","Case Pack 12, Inner 6",12,TRUE
,63312,Moon Loom,Unit,63312-Case Pack 4,Moon Loom -Casepack 4,Case Pack 4,4,TRUE
,63640,Kiddy Dough Deluxe Hair Studio,Unit,63640-Case Pack 12,Kiddy Dough Deluxe Hair Studio-Casepack 12,Case Pack 12,12,TRUE
,63641,Kiddy Dough Ice Cream Sweetshop,Unit,63641-Case Pack 12,Kiddy Dough Ice Cream Sweetshop-Casepack 12,Case Pack 12,12,TRUE
,63644,Kiddy Dough Sweet Creations,Unit,63644-Case Pack 20,Kiddy Dough Sweet Creations-Casepack 20,Case Pack 20,20,TRUE
,63645,4-1 MEGA SET,Unit,63645-Case Pack 6,4-1 MEGA SET-Casepack 6,Case Pack 6,6,TRUE
,63645,4-1 MEGA SET,Unit,63645-Case Pack 6 PDQ,4-1 MEGA SET-Casepack 6 PDQ,Case Pack 6 PDQ,6,TRUE
,63646,DINO DENTIST,Unit,63646-Case Pack 12,DINO DENTIST-Casepack 12,Case Pack 12,12,TRUE
,63742,Goozooka Squeezers,Unit,63742-Case Pack 24,Goozooka Squeezers-Casepack 24,Case Pack 24,1,TRUE
,63743,Goozooka Squeezers,Unit,63743-Case Pack 24,Goozooka Squeezers-Casepack 24,Case Pack 24,1,TRUE
,63744,Goozooka Squeezers,Unit,63744-Case Pack 24,-Casepack 24,Case Pack 24,1,TRUE
,64317,So Yummy! Pom Pom Art,Case Pack 6,64317-Case Pack 6,So Yummy! Pom Pom Art-Casepack 6,Unit,6,TRUE
,64348,Rose Make Up Set,Unit,64348-Case Pack 10,Rose Make Up Set-Casepack 10,Case Pack 10,10,TRUE
,64349,Mermaid Make Up Set,Unit,64349-Case Pack 6,Mermaid Make Up Set-Case Pack 6,Case Pack 6,6,TRUE
,64804,Kiddy Dough Molded Containers-Bee,Unit,"64804-DELETE 24, Inner 8 PDQ","Kiddy Dough Molded Containers-Bee-Case Pack 24, Inner 8 PDQ","Case Pack 24, Inner 8 PDQ",24,TRUE
,64805,Kiddy Dough Molded Containers-Bug,Unit,"64805-DELETE 24, Inner 8 PDQ","Kiddy Dough Molded Containers-Bug-Case Pack 24, Inner 8 PDQ","Case Pack 24, Inner 8 PDQ",24,TRUE
,64827,Educational Wall Chart-ABC Sound Mat,Unit,64827-Case Pack 6,Educational Wall Chart-ABC Sound Mat-Casepack 6,Case Pack 6,6,TRUE
,64829,Make and Inflate  Nano Buddies,Unit,64829-Case Pack 12,Make and Inflate  Nano Buddies -Casepack 12,Case Pack 12,12,TRUE
,64830,Keychain Squishy Kit,Unit,64830-Case Pack 12,Keychain Squishy Kit -Casepack 12,Case Pack 12,12,TRUE
,64832,Inflatable Buddies Trio,Unit,64832-Case Pack 12,Inflatable Buddies Trio-Casepack 12,Case Pack 12,12,TRUE
,64833,Nano Craft,Unit,64833-Case Pack 12,Nano Craft-Casepack 12,Case Pack 12,12,TRUE
,64875,Nano Craft Party Pack,Unit,64875-Case Pack 24,Nano Craft Party Pack-Casepack 24,Case Pack 24,24,TRUE
,64876,Deluxe Nano Design Studio,Unit,64876-Case Pack 6,Deluxe Nano Design Studio-Casepack 6,Case Pack 6,6,TRUE
,64905,Mini Play Kits,Unit,64905-Case Pack 48,Mini Play Kits-Casepack 48,Case Pack 48,48,TRUE
,64906,Nano Tape Deluxe,Unit,64906-Case Pack 12,Nano Tape Deluxe-Casepack 12,Case Pack 12,12,TRUE
,64907,Deluxe Nano kit,Unit,64907-Case Pack 12,Deluxe Nano kit -Casepack 12,Case Pack 12,12,TRUE
,64991,"Gracie Corner 20"" Plush",Unit,64991-Case Pack 4,"Gracie Corner 20"" Plush-Casepack 4",Case Pack 4,4,TRUE
,7250,Energy Rod,Unit,7250-Case Pack 12,Energy Rod-Casepack 12,Case Pack 12,12,TRUE
,7250,Energy Rod,Unit,"7250-Case Pack 96, Inner 12","Energy Rod-Casepack 96, Inner 12","Case Pack 96, Inner 12",96,TRUE
,76716F,AIR O PLAY COMPOUND,Unit,76716F-Case Pack 24,AIR O PLAY COMPOUND-Casepack 24,Case Pack 24,24,TRUE
,77007,20PC Jumbo Chalk Set,Unit,77007-Case Pack 12,20PC Jumbo Chalk Set-Casepack 12,Case Pack 12,12,TRUE
,77007,20PC Jumbo Chalk Set,Unit,77007-Case Pack 6,20PC Jumbo Chalk Set-Casepack 6,Case Pack 6,6,TRUE
,78573,50PC CHALK IN BUCKET,Unit,78573-Case Pack 4,50PC CHALK IN BUCKET-Casepack 4,Case Pack 4,4,TRUE
,78607,Spin & Splatter,Unit,78607-Case Pack 6,Spin & Splatter-Casepack 6,Case Pack 6,6,TRUE
,8123,Paw Patrol Police Cruiser,Unit,8123-Case Pack 4,Paw Patrol Police Cruiser-Case Pack 4,Case Pack 4,4,TRUE
,85252,Make Up Gift Set Asst,Unit,85252- 6 Inner Case Pack-Case Pack 24,Make Up Gift Set Asst-Inner 6-Casepack 24,Case Pack 24,4,TRUE
,86033,Butterfly Net Asst,Unit,86033-Case Pack 6,Butterfly Net Asst-Casepack 6,Case Pack 6,1,TRUE
,8710,Key Chain Glow Tablet,Unit,"8710-DELETE 12, Inner 4 PDQ","Key Chain Glow Tablet-Case Pack 12, Inner 4 PDQ","Case Pack 12, Inner 4 PDQ ",12,TRUE
,8710,Key Chain Glow Tablet,Unit,"8710-DELETE 32, Inner 8 PDQ","Key Chain Glow Tablet-Case Pack 32, Inner 8 PDQ","Case Pack 32, Inner 8 PDQ ",32,TRUE
,9077,Play-Doh Air Clay Sweet Creations,Unit,9077-Case Pack 12,Play-Doh Air Clay Sweet Creations-Casepack 12,Case Pack 12,12,TRUE
,9078,Play-Doh Air Clay Key Chains Accessories,Unit,9078-Case Pack 12,Play-Doh Air Clay Key Chains Accessories-Casepack 12,Case Pack 12,12,TRUE
,9080,Play-Doh Air Clay Creature Creations,Unit,9080-Case Pack 12,Play-Doh Air Clay Creature Creations-Casepack 12,Case Pack 12,12,TRUE
,9081,Air Clay Pizza Parlor,Unit,9081-Case Pack 6,Air Clay Pizza Parlor-Casepack 6,Case Pack 6,6,TRUE
,9082,Air Clay Ice Cream Creations,Unit,9082-Case Pack 6,Air Clay Ice Cream Creations-Casepack 6,Case Pack 6,6,TRUE
,9083,Play-Doh Air Clay Super Color Bucket,Unit,9083-Case Pack 6,Play-Doh Air Clay Super Color Bucket-Casepack 6,Case Pack 6,6,TRUE
,9084,My Water Globes,Unit,9084-Case Pack 6,My Water Globes-Casepack 6,Case Pack 6,6,TRUE
,9094,Air Clay My First Handprint,Unit,9094-Case Pack 12,Air Clay My First Handprint-Casepack 12,Case Pack 12,12,TRUE
,9110,Play Doh 4 Container pack,Unit,9110-Case Pack 12,Play Doh 4 Container pack-Casepack 12,Case Pack 12,12,TRUE
,9126,Play Doh Modeling clay 5 color pack (20oz),Unit,9126-Case Pack 24,Play Doh Modeling clay 5 color pack (20oz)-Casepack 24,Case Pack 24,24,TRUE
,9157,Play-Doh AIR CLAY BONANZA,Unit,9157-Case Pack 6,Play-Doh AIR CLAY BONANZA-Casepack 6,Case Pack 6,6,TRUE
,9158,Play-Doh Air Clay Ultimate Sculpting Studio,Unit,9158-Case Pack 6,Play-Doh Air Clay Ultimate Sculpting Studio-Casepack 6,Case Pack 6,6,TRUE
,9218,Air clay Dinos assort-Apatosaurus,Unit,9218-Case Pack 24,Air clay Dinos assort-Apatosaurus-Casepack 24,Case Pack 24,1,TRUE
,9219,Air clay Dinos assort-Triceratops,Unit,9219-Case Pack 24,Air clay Dinos assort-Triceratops-Casepack 24,Case Pack 24,1,TRUE
,9220,Air clay Dinos assort-Parasaurolophus,Unit,9220-Case Pack 24,Air clay Dinos assort-Parasaurolophus-Casepack 24,Case Pack 24,24,TRUE
,9221,Air Clay Racers assort-Yellow,Unit,9221-Case Pack 24,Air Clay Racers assort-Yellow-Casepack 24,Case Pack 24,24,TRUE
,9222,Air Clay Racers assort-Green&Purple,Unit,9222-Case Pack 24,Air Clay Racers assort-Green&Purple-Casepack 24,Case Pack 24,24,TRUE
,9223,Air Clay Racers assort-Red,Unit,9223-Case Pack 24,Air Clay Racers assort-Red-Casepack 24,Case Pack 24,24,TRUE
,9226,Air clay Foodie assort-Sweets,Unit,9226-Case Pack 24,Air clay Foodie assort-Sweets-Casepack 24,Case Pack 24,24,TRUE
,9233,Air Clay Assorted Colors 5oz-Red,Unit,9233-Case Pack 24,Air Clay Assorted Colors 5oz-Red-Casepack 24,Case Pack 24,24,TRUE
,9234,Air Clay Assorted Colors 5oz-Black,Unit,9234-Case Pack 24,Air Clay Assorted Colors 5oz-Black-Casepack 24,Case Pack 24,24,TRUE
,9235,Air Clay Assorted Colors 5oz-White,Unit,9235-Case Pack 24,Air Clay Assorted Colors 5oz-White-Casepack 24,Case Pack 24,24,TRUE
,9236,Air Clay Assorted Colors 5oz-Blue,Unit,9236-Case Pack 24,Air Clay Assorted Colors 5oz-Blue-Casepack 24,Case Pack 24,24,TRUE
,9237,Air Clay Assorted Colors 5oz-Yellow,Unit,9237-Case Pack 24,Air Clay Assorted Colors 5oz-Blue-Casepack 24,Case Pack 24,1,TRUE
,9238,Air Clay Assorted Colors 5oz-Green,Unit,9238-Case Pack 24,Air Clay Assorted Colors 5oz-Yellow-Casepack 24,Case Pack 24,24,TRUE
,9239,Modeling clay 5oz box -Red,Unit,9239-Case Pack 24,Air Clay Assorted Colors 5oz-Red-Casepack 24,Case Pack 24,24,TRUE
,9254,PD Crackle Surprise,Unit,9254-Case Pack 6,PD Crackle Surprise-Casepack 6,Case Pack 6,6,TRUE
,9259,PD Crackle Surprise,Unit,9259-Case Pack 6,PD Crackle Surprise-Casepack 6,Case Pack 6,6,TRUE
,9341,AIR DRY CLAY White  5PK container,Case Pack 4,9341-Case Pack 4,AIR DRY CLAY White  5PK container -Casepack 4,Unit,1,TRUE
,9345,PD AIR CLAY DINO ASST_15% larger,Unit,9345-Case Pack 24,PD AIR CLAY DINO ASST_15% larger-Casepack 24,Case Pack 24,24,TRUE
,9346,PD AIR CLAY CAR ASST_15% larger,Unit,9346-Case Pack 24,PD AIR CLAY CAR ASST_15% larger-Casepack 24,Case Pack 24,24,TRUE
,CIU-HCASTINGK-60924,DIY Hand Casting Kit,Unit,CIU-HCASTINGK-60924-Case Pack 6,DIY Hand Casting Kit-Casepack 6,Case Pack 6,6,TRUE
,CK-ADCLAY-78722,Air Dry Clay Modeling Crafts Kit For Children,Unit,CK-ADCLAY-78722-Case Pack 12,Air Dry Clay Modeling Crafts Kit For Children-Casepack 12,Case Pack 12,12,TRUE
,KDTOOL-42ABC-76699,42-Piece Tools Party Pack w/Letters and Numbers,Unit,KDTOOL-42ABC-76699-Case Pack 24,42-Piece Tools Party Pack w/Letters and Numbers-Casepack 24,Case Pack 24,24,TRUE
,PD-DVP80PACK-09117,Play-Doh Air Clay - Deluxe Value 80 Pack,Unit,PD-DVP80PACK-09117-Case Pack 4,Play-Doh Air Clay - Deluxe Value 80 Pack-Casepack 4,Case Pack 4,4,TRUE
,123,,,,,,12,
,3122,,,,,,12,
555,3122,555,555,555,555,555,12,555
444,2555,444,444,444,444,444,444,444
444,4445,444,444,444,444,444,444,444
333,143,333,333,333,333,333,333,333
333,142,333,333,333,333,33,333,333
333,3422,333,333,333,333,333,333,333
333,3422,333,333,333,333,333,333,333
333,2564,333,333,333,333,333,333,333
333,3544,333,333,333,333,333,333,333
